MODEL,MEAN CV AUC
LR,0.5840107095182351
LGBMC,0.5585580416944516
CATBOOSTC,0.585844303692066
XGBC,0.5373874331688404
KNN,0.5255011264689574
