MODEL,MEAN CV AUC
LR,0.5885328341984956
LGBMC,0.5881603900692131
CATBOOSTC,0.5892962140725104
XGBC,0.589374908992245
KNN,0.5585792001491947
