MODEL,MEAN CV AUC
LR,0.5849476061988831
LGBMC,0.5627523242395649
CATBOOSTC,0.5886506274849922
XGBC,0.5547344085279206
KNN,0.5251253299872525
