MODEL,MEAN CV AUC
LR,0.5886507976833686
LGBMC,0.5627916963357276
CATBOOSTC,0.5909986268766184
XGBC,0.5402402376056633
KNN,0.5256133347170729
