MODEL,MEAN CV AUC
LR,0.5884750593923578
LGBMC,0.5638697560998692
CATBOOSTC,0.5904605466265027
XGBC,0.53845959431415
KNN,0.5251253299872525
