MODEL,MEAN CV AUC
LR,0.5849565776741446
LGBMC,0.5572606310825728
CATBOOSTC,0.5867425457990683
XGBC,0.5377463890825187
KNN,0.524980073761923
