MODEL,MEAN CV AUC
LR,0.572516255919953
LGBMC,0.5845486746173716
CATBOOSTC,0.587822341566784
XGBC,0.5860400936483169
KNN,0.5347197418674027
