MODEL,MEAN CV AUC
LR,0.5842314429209995
LGBMC,0.55395195405078
CATBOOSTC,0.5848061169294103
XGBC,0.5385934937579873
KNN,0.5243558540518284
