MODEL,MEAN CV AUC
LR,0.5842314429209995
LGBMC,0.5783106952726971
CATBOOSTC,0.5848061169294103
XGBC,0.575347234688552
KNN,0.5243558540518284
