MODEL,MEAN CV AUC
LR,0.572240855441539
LGBMC,0.5584256577238615
CATBOOSTC,0.5848024950548334
XGBC,0.5386170365835037
KNN,0.5134141563370364
