MODEL,MEAN CV AUC
LR,0.5844258434141153
LGBMC,0.5540714813851292
CATBOOSTC,0.5868117978839364
XGBC,0.5379099216009008
KNN,0.525317110003308
